-- MySQL Script generated by MySQL Workbench
-- Thu Apr  9 09:24:12 2020
-- Model: New Model    Version: 1.0
-- MySQL Workbench Forward Engineering

SET @OLD_UNIQUE_CHECKS=@@UNIQUE_CHECKS, UNIQUE_CHECKS=0;
SET @OLD_FOREIGN_KEY_CHECKS=@@FOREIGN_KEY_CHECKS, FOREIGN_KEY_CHECKS=0;
SET @OLD_SQL_MODE=@@SQL_MODE, SQL_MODE='ONLY_FULL_GROUP_BY,STRICT_TRANS_TABLES,NO_ZERO_IN_DATE,NO_ZERO_DATE,ERROR_FOR_DIVISION_BY_ZERO,NO_ENGINE_SUBSTITUTION';

-- -----------------------------------------------------
-- Schema Warehouse
-- -----------------------------------------------------
DROP SCHEMA IF EXISTS `Warehouse`;

-- -----------------------------------------------------
-- Schema Warehouse
-- -----------------------------------------------------
CREATE SCHEMA IF NOT EXISTS `Warehouse` DEFAULT CHARACTER SET utf8 ;
USE `Warehouse` ;

-- -----------------------------------------------------
-- Table `Warehouse`.`Products`
-- -----------------------------------------------------
CREATE TABLE IF NOT EXISTS `Warehouse`.`Products` (
  `Product_ID` VARCHAR(8) NOT NULL,
  `Description` VARCHAR(8) NOT NULL,
  `Brand` VARCHAR(20) NOT NULL,
  `Model` VARCHAR(10) NOT NULL,
  `Quantity` INT NOT NULL,
  `Weight` INT NOT NULL,
  `Size` VARCHAR(45) NOT NULL,
  PRIMARY KEY (`Product_ID`))
ENGINE = InnoDB;

-- -----------------------------------------------------
-- Insertar Records en la tabla Products 
-- -----------------------------------------------------
INSERT INTO Products VALUES ('PI0001', 'Pencil', 'Big', 'RC5000', '500', '2', '5');
INSERT INTO Products VALUES ('PI0002', 'Scissor', 'Tru Red', 'TR55030', '600', '8', '8');
INSERT INTO Products VALUES ('PI0003', 'Notebook', 'Five Star', '72081', '100', '30', '8.5x11');
INSERT INTO Products VALUES ('PI0004', 'Sticky Notes', 'Post it', '65424SSAUCP', '600', '3', '3x3');
INSERT INTO Products VALUES ('PI0005', 'Paper', 'Copy Paper', '324791', '5000', '20', '8.5x11');
INSERT INTO Products VALUES ('PI0006', 'Wite Out', 'Bic', '50790', '250', '12', '5');
INSERT INTO Products VALUES ('PI0007', 'Tape', 'Scotch', '810-3PK', '800', '16', '8');
INSERT INTO Products VALUES ('PI0008', 'Glue', 'Scotch', 'ADH669', '400', '8', '6');
INSERT INTO Products VALUES ('PI0009', 'Marker', 'Crayola', ' 10161-48', '200', '2', '5');
INSERT INTO Products VALUES ('PI0010', 'Marker', 'Sharpie', '15001', '300', '2', '5');


-- -----------------------------------------------------
-- Table `Warehouse`.`Client`
-- -----------------------------------------------------
CREATE TABLE IF NOT EXISTS `Warehouse`.`Client` (
  `Client_ID` VARCHAR(8) NOT NULL,
  `Adress` VARCHAR(45) NOT NULL,
  `Name` VARCHAR(45) NOT NULL,
  `Phone` INT NOT NULL,
  `email` VARCHAR(45) NOT NULL,
  PRIMARY KEY (`Client_ID`))
ENGINE = InnoDB;

-- -----------------------------------------------------
-- Insertar Records en la tabla Client
-- -----------------------------------------------------
INSERT INTO Client VALUES ('CI0001', '34 Ferry st', 'Juan Acosta', '862134677', 'jacosta@hotmail.com');
INSERT INTO Client VALUES ('CI0002', '34 Ferry st', 'Jake Murphy', '637684458', 'jacosta@hotmail.com');
INSERT INTO Client VALUES ('CI0003', '34 Ferry st', 'Jacob Walsh', '245677765', 'jacosta@hotmail.com');
INSERT INTO Client VALUES ('CI0004', '34 Ferry st', 'Charlie OBrien', '344455678', 'jacosta@hotmail.com');
INSERT INTO Client VALUES ('CI0005', '34 Ferry st', 'Reece Byrne', '098746238', 'jacosta@hotmail.com');
INSERT INTO Client VALUES ('CI0006', '34 Ferry st', 'James Evans', '765334908', 'jacosta@hotmail.com');
INSERT INTO Client VALUES ('CI0007', '34 Ferry st', 'Ava Taylor', '245677290', 'jacosta@hotmail.com');
INSERT INTO Client VALUES ('CI0008', '34 Ferry st', 'Emily Jones', '344433789', 'jacosta@hotmail.com');
INSERT INTO Client VALUES ('CI0009', '34 Ferry st', 'Olivia Johnson', '098222567', 'jacosta@hotmail.com');
INSERT INTO Client VALUES ('CI0010', '34 Ferry st', 'Amelia Miller', '109822765', 'jacosta@hotmail.com');



-- -----------------------------------------------------
-- Table `Warehouse`.`Shipping`
-- -----------------------------------------------------
CREATE TABLE IF NOT EXISTS `Warehouse`.`Shipping` (
  `Shipping_ID` VARCHAR(8) NOT NULL,
  `Carrier` VARCHAR(45) NOT NULL,
  `Shipping Type` VARCHAR(20) NOT NULL,
  `Client_ID` VARCHAR(8) NOT NULL,
  `Weight` INT NOT NULL,
  PRIMARY KEY (`Shipping_ID`),
  CONSTRAINT `fk_Shipping_Client1`
    FOREIGN KEY (`Client_ID`)
    REFERENCES `Warehouse`.`Client` (`Client_ID`)
    ON DELETE NO ACTION
    ON UPDATE NO ACTION)
ENGINE = InnoDB;

CREATE INDEX `fk_Shipping_Client1_idx` ON `Warehouse`.`Shipping` (`Client_ID` ASC) VISIBLE;

-- -----------------------------------------------------
-- Insertar Records en la tabla Shipping
-- -----------------------------------------------------
INSERT INTO Shipping VALUES ('SHI0001', 'Fedex', 'Express', 'CI0001', '23');
INSERT INTO Shipping VALUES ('SHI0002', 'UPS', 'Standard', 'CI0002', '20');
INSERT INTO Shipping VALUES ('SHI0003', 'UPS', 'Standard', 'CI0003', '25');
INSERT INTO Shipping VALUES ('SHI0004', 'Fedex', 'Express', 'CI0004', '19');
INSERT INTO Shipping VALUES ('SHI0005', 'Fedex', 'Express', 'CI0005', '22');
INSERT INTO Shipping VALUES ('SHI0006', 'UPS', 'Express', 'CI0006', '24');
INSERT INTO Shipping VALUES ('SHI0007', 'Fedex', 'Standard', 'CI0007', '19');
INSERT INTO Shipping VALUES ('SHI0008', 'UPS', 'Express', 'CI0008', '27');
INSERT INTO Shipping VALUES ('SHI0009', 'UPS', 'Standard', 'CI0009', '16');
INSERT INTO Shipping VALUES ('SHI0010', 'UPS', 'Express', 'CI0010', '30');






-- -----------------------------------------------------
-- Table `Warehouse`.`Put_Away_Dpt`
-- -----------------------------------------------------
CREATE TABLE IF NOT EXISTS `Warehouse`.`Put_Away_Dpt` (
  `Code_number` VARCHAR(8) NOT NULL,
  `Quantity` INT NOT NULL,
  `Location` VARCHAR(8) NOT NULL,
  `Volume` INT NULL,
  `Product_ID` VARCHAR(8) NOT NULL,
  PRIMARY KEY (`Code_number`),
  CONSTRAINT `fk_Put_Away_Dpt_Products1`
    FOREIGN KEY (`Product_ID`)
    REFERENCES `Warehouse`.`Products` (`Product_ID`)
    ON DELETE NO ACTION
    ON UPDATE NO ACTION)
ENGINE = InnoDB;

CREATE INDEX `fk_Put_Away_Dpt_Products1_idx` ON `Warehouse`.`Put_Away_Dpt` (`Product_ID` ASC) VISIBLE;

-- -----------------------------------------------------
-- Insertar Records en la tabla Put_Away_Dpt
-- -----------------------------------------------------
INSERT INTO Put_Away_Dpt VALUES ('PA0001', '34', '23H01', '200', 'PI0001');
INSERT INTO Put_Away_Dpt VALUES ('PA0002', '25', '23H02', '100', 'PI0002');
INSERT INTO Put_Away_Dpt VALUES ('PA0003', '15', '23H03', '50', 'PI0003');
INSERT INTO Put_Away_Dpt VALUES ('PA0004', '50', '23H04', '300', 'PI0004');
INSERT INTO Put_Away_Dpt VALUES ('PA0005', '30', '23H05', '500', 'PI0005');
INSERT INTO Put_Away_Dpt VALUES ('PA0006', '35', '23H06', '80', 'PI0006');
INSERT INTO Put_Away_Dpt VALUES ('PA0007', '10', '23H07', '250', 'PI0007');
INSERT INTO Put_Away_Dpt VALUES ('PA0008', '18', '23H08', '400', 'PI0008');
INSERT INTO Put_Away_Dpt VALUES ('PA0009', '45', '23H09', '100', 'PI0009');
INSERT INTO Put_Away_Dpt VALUES ('PA0010', '36', '23H10', '200', 'PI0010');


-- -----------------------------------------------------
-- Table `Warehouse`.`Packing`
-- -----------------------------------------------------
CREATE TABLE IF NOT EXISTS `Warehouse`.`Packing` (
  `Packing_order` VARCHAR(8) NOT NULL,
  `Size` INT NOT NULL,
  `Box` VARCHAR(45) NOT NULL,
  `Quantity` INT NOT NULL,
  `Shipping_ID` VARCHAR(8) NOT NULL,
  PRIMARY KEY (`Packing_order`),
  CONSTRAINT `fk_Packing_Shipping1`
    FOREIGN KEY (`Shipping_ID`)
    REFERENCES `Warehouse`.`Shipping` (`Shipping_ID`)
    ON DELETE NO ACTION
    ON UPDATE NO ACTION)
ENGINE = InnoDB;

CREATE INDEX `fk_Packing_Shipping1_idx` ON `Warehouse`.`Packing` (`Shipping_ID` ASC) VISIBLE;

-- -----------------------------------------------------
-- Insertar Records en la tabla Packing
-- -----------------------------------------------------
INSERT INTO Packing VALUES ('PC0001', '23', '3\"', '34', 'SHI0001');
INSERT INTO Packing VALUES ('PC0002', '20', '5\"', '16', 'SHI0002');
INSERT INTO Packing VALUES ('PC0003', '12', '8\"', '35', 'SHI0003');
INSERT INTO Packing VALUES ('PC0004', '15', '3\"', '5', 'SHI0004');
INSERT INTO Packing VALUES ('PC0005', '30', '7\"', '60', 'SHI0005');
INSERT INTO Packing VALUES ('PC0006', '14', '4\"', '55', 'SHI0006');
INSERT INTO Packing VALUES ('PC0007', '22', '3\"', '25', 'SHI0007');
INSERT INTO Packing VALUES ('PC0008', '21', '2\"', '23', 'SHI0008');
INSERT INTO Packing VALUES ('PC0009', '23', '3\"', '30', 'SHI0009');
INSERT INTO Packing VALUES ('PC0010', '25', '5\"', '12', 'SHI0010');




-- -----------------------------------------------------
-- Table `Warehouse`.`Active_Pick`
-- -----------------------------------------------------
CREATE TABLE IF NOT EXISTS `Warehouse`.`Active_Pick` (
  `Pick_order` VARCHAR(8) NOT NULL,
  `Date` DATE NOT NULL,
  `Quantity` INT NOT NULL,
  `Packing_order` VARCHAR(8) NOT NULL,
  `Active_Pickcol` VARCHAR(45) NOT NULL,
  PRIMARY KEY (`Pick_order`),
  CONSTRAINT `fk_Active_Pick_Packing1`
    FOREIGN KEY (`Packing_order`)
    REFERENCES `Warehouse`.`Packing` (`Packing_order`)
    ON DELETE NO ACTION
    ON UPDATE NO ACTION)
ENGINE = InnoDB;

CREATE INDEX `fk_Active_Pick_Packing1_idx` ON `Warehouse`.`Active_Pick` (`Packing_order` ASC) VISIBLE;

-- -----------------------------------------------------
-- Insertar Records en la tabla Active_Pick
-- -----------------------------------------------------
INSERT INTO Active_Pick VALUES ('AC0001', '2020-08-01', '22', 'PI0001', '233');
INSERT INTO Active_Pick VALUES ('AC0002', '2020-07-29', '15', 'PI0002', '243');
INSERT INTO Active_Pick VALUES ('AC0003', '2020-08-02', '8', 'PI0003', '228');
INSERT INTO Active_Pick VALUES ('AC0004', '2020-08-03', '25', 'PI0004', '386');
INSERT INTO Active_Pick VALUES ('AC0005', '2020-08-01', '18', 'PI0005', '213');
INSERT INTO Active_Pick VALUES ('AC0006', '2020-08-02', '12', 'PI0006', '252');
INSERT INTO Active_Pick VALUES ('AC0007', '2020-08-05', '23', 'PI0007', '234');
INSERT INTO Active_Pick VALUES ('AC0008', '2020-08-09', '21', 'PI0008', '236');
INSERT INTO Active_Pick VALUES ('AC0009', '2020-08-02', '13', 'PI0009', '322');
INSERT INTO Active_Pick VALUES ('AC0010', '2020-08-10', '32', 'PI0010', '246');


-- -----------------------------------------------------
-- Table `Warehouse`.`Sale_Dpt`
-- -----------------------------------------------------
CREATE TABLE IF NOT EXISTS `Warehouse`.`Sale_Dpt` (
  `Order_number` VARCHAR(8) NOT NULL,
  `Quantity` VARCHAR(45) NOT NULL,
  `Volume` INT NOT NULL,
  `Client_ID` VARCHAR(8) NOT NULL,
  `Pick_order` VARCHAR(8) NOT NULL,
  PRIMARY KEY (`Order_number`),
  CONSTRAINT `fk_Sale_Dpt_Active_Pick1`
    FOREIGN KEY (`Pick_order`)
    REFERENCES `Warehouse`.`Active_Pick` (`Pick_order`)
    ON DELETE NO ACTION
    ON UPDATE NO ACTION,
  CONSTRAINT `fk_Sale_Dpt_Client1`
    FOREIGN KEY (`Client_ID`)
    REFERENCES `Warehouse`.`Client` (`Client_ID`)
    ON DELETE NO ACTION
    ON UPDATE NO ACTION)
ENGINE = InnoDB;

CREATE INDEX `fk_Sale_Dpt_Active_Pick1_idx` ON `Warehouse`.`Sale_Dpt` (`Pick_order` ASC) VISIBLE;

CREATE INDEX `fk_Sale_Dpt_Client1_idx` ON `Warehouse`.`Sale_Dpt` (`Client_ID` ASC) VISIBLE;



-- -----------------------------------------------------
-- Insertar Records en la tabla Sale_Dpt
-- -----------------------------------------------------
INSERT INTO Sale_Dpt VALUES ('SI0001', '56', '222', 'CI0001', 'AI0001');
INSERT INTO Sale_Dpt VALUES ('SI0002', '42', '150', 'CI0002', 'AI0002');
INSERT INTO Sale_Dpt VALUES ('SI0003', '35', '232', 'CI0003', 'AI0003');
INSERT INTO Sale_Dpt VALUES ('SI0004', '30', '210', 'CI0004', 'AI0004');
INSERT INTO Sale_Dpt VALUES ('SI0005', '55', '185', 'CI0005', 'AI0005');
INSERT INTO Sale_Dpt VALUES ('SI0006', '57', '205', 'CI0006', 'AI0006');
INSERT INTO Sale_Dpt VALUES ('SI0007', '58', '231', 'CI0007', 'AI0007');
INSERT INTO Sale_Dpt VALUES ('SI0008', '60', '196', 'CI0008', 'AI0008');
INSERT INTO Sale_Dpt VALUES ('SI0009', '48', '178', 'CI0009', 'AI0009');
INSERT INTO Sale_Dpt VALUES ('SI0010', '43', '204', 'CI0010', 'AI0010');



-- -----------------------------------------------------
-- Table `Warehouse`.`Employee`
-- -----------------------------------------------------
CREATE TABLE IF NOT EXISTS `Warehouse`.`Employee` (
  `Employee_ID` VARCHAR(8) NOT NULL,
  `Name` VARCHAR(45) NOT NULL,
  `Phone` INT NOT NULL,
  `Address` VARCHAR(45) NOT NULL,
  `email` VARCHAR(45) NULL,
  PRIMARY KEY (`Employee_ID`))
ENGINE = InnoDB;

-- -----------------------------------------------------
-- Insertar Records en la tabla Employee
-- -----------------------------------------------------

INSERT INTO Employee VALUES ('EI0001', 'Jhon Smith', '34455667', '33 Bloomfield Ave.', 'jhonSm@gmail.com');
INSERT INTO Employee VALUES ('EI0002', 'Albert Gamero', '2018859632', '36 Kearny Ave.', 'albertg@gmail.com');
INSERT INTO Employee VALUES ('EI0003', 'Chris Pitt', '973555626', '5 John Ave.', 'chrispitt@gmail.com');
INSERT INTO Employee VALUES ('EI0004', 'Daniel Brown', '8625463585', '352 Schuyler Ave.', 'danielb@gmail.com');
INSERT INTO Employee VALUES ('EI0005', 'Karina Rios', '8629514575', '22 Garden Ave.', 'karinar@gmail.com');
INSERT INTO Employee VALUES ('EI0006', 'Doris Johnson', '2018875216', '6 Belleville Ave.', 'dorisj@gmail.com');
INSERT INTO Employee VALUES ('EI0007', 'Paul Lee', '2023569874', '57 Highland Ave.', 'paull@gmail.com');
INSERT INTO Employee VALUES ('EI0008', 'Brad Anderson', '9735468877', '68 Washington Ave.', 'brada@gmail.com');
INSERT INTO Employee VALUES ('EI0009', 'Luis Cajas', '9736561474', '33 Bloomfield Ave.', 'luisc@gmail.com');
INSERT INTO Employee VALUES ('EI0010', 'Ivan Davila', '2017896546', '163 Robert Ave.', 'ivand@gmail.com');


-- -----------------------------------------------------
-- Table `Warehouse`.`Vendor`
-- -----------------------------------------------------
CREATE TABLE IF NOT EXISTS `Warehouse`.`Vendor` (
  `Vendor_ID` VARCHAR(8) NOT NULL,
  `Adress` VARCHAR(45) NOT NULL,
  `Name` VARCHAR(45) NOT NULL,
  `Phone` INT NOT NULL,
  `email` VARCHAR(45) NULL,
  PRIMARY KEY (`Vendor_ID`))
ENGINE = InnoDB;

-- -----------------------------------------------------
--  1) Insertar Records en la tabla Vendor
-- -----------------------------------------------------

INSERT INTO Vendor VALUES ('VI0001', '56 Clover st', 'RSPAPER', '65740383', 'rspaper@email.com');
INSERT INTO Vendor VALUES ('VI0002', '4525 North Oracle Rd', 'Dell', '34599929', 'dell@email.com');
INSERT INTO Vendor VALUES ('VI0003', '275 Whasinton st', 'Big', '36745890', 'big@email.com');
INSERT INTO Vendor VALUES ('VI0004', '156 Union st', 'Apple', '37654897', 'apple@email.com');
INSERT INTO Vendor VALUES ('VI0005', '578 West orange Av', 'Pentel', '26788876', 'pentel@email.com');
INSERT INTO Vendor VALUES ('VI0006', '15 Bloomfield Av', 'Zebra', '12325674', 'zebra@email.com');
INSERT INTO Vendor VALUES ('VI0007', '554 Market st', 'Microsoft', '66543890', 'microsoft@email.com');
INSERT INTO Vendor VALUES ('VI0008', '532 Third st', 'Acer', '78999645', 'acer@email.com');
INSERT INTO Vendor VALUES ('VI0009', '65 Jackson st', 'Norma', '33376549', 'norma@email.com');
INSERT INTO Vendor VALUES ('VI0010', '156 Kearny st', 'Steadler', '19874456', 'steadler@email.com');

-- -----------------------------------------------------
-- Table `Warehouse`.`Receiving_Dpt`
-- -----------------------------------------------------
CREATE TABLE IF NOT EXISTS `Warehouse`.`Receiving_Dpt` (
  `Order_number` VARCHAR(8) NOT NULL,
  `Quantity` INT NOT NULL,
  `Date` DATE NOT NULL,
  `Address` VARCHAR(45) NULL,
  `Employee_ID` VARCHAR(8) NOT NULL,
  PRIMARY KEY (`Order_number`),
  CONSTRAINT `fk_Receiving_Dpt_Employee1`
    FOREIGN KEY (`Employee_ID`)
    REFERENCES `Warehouse`.`Employee` (`Employee_ID`)
    ON DELETE NO ACTION
    ON UPDATE NO ACTION)
ENGINE = InnoDB;

CREATE INDEX `fk_Receiving_Dpt_Employee1_idx` ON `Warehouse`.`Receiving_Dpt` (`Employee_ID` ASC) VISIBLE;

-- -----------------------------------------------------
-- Insertar Records en la tabla Receiving_Dpt
-- -----------------------------------------------------

INSERT INTO Receiving_Dpt VALUES ('RO0001', '4', '2020-09-08', 'newark', 'EI0001', 'VI0001');
INSERT INTO Receiving_Dpt VALUES ('RO0002', '3', '2020-09-08', 'newark', 'EI0002', 'VI0002');
INSERT INTO Receiving_Dpt VALUES ('RO0003', '8', '2020-09-09', 'newark', 'EI0003', 'VI0003');
INSERT INTO Receiving_Dpt VALUES ('RO0004', '5', '2020-09-09', 'newark', 'EI0004', 'VI0004');
INSERT INTO Receiving_Dpt VALUES ('RO0005', '2', '2020-09-10', 'newark', 'EI0005', 'VI0005');
INSERT INTO Receiving_Dpt VALUES ('RO0006', '6', '2020-09-10', 'newark', 'EI0006', 'VI0006');
INSERT INTO Receiving_Dpt VALUES ('RO0007', '10', '2020-09-10', 'newark', 'EI0007', 'VI0007');
INSERT INTO Receiving_Dpt VALUES ('RO0008', '5', '2020-09-11', 'newark', 'EI0008', 'VI0008');
INSERT INTO Receiving_Dpt VALUES ('RO0009', '4', '2020-09-11', 'newark', 'EI0009', 'VI0009');
INSERT INTO Receiving_Dpt VALUES ('RO0010', '3', '2020-09-12', 'newark', 'EI0010', 'VI0010');


-- -----------------------------------------------------
-- Table `Warehouse`.`Vendor_has_Receiving_Dpt`
-- -----------------------------------------------------
CREATE TABLE IF NOT EXISTS `Warehouse`.`Vendor_has_Receiving_Dpt` (
  `Vendor_Vendor_ID` VARCHAR(8) NOT NULL,
  `Receiving_Dpt_Order_number` VARCHAR(8) NOT NULL,
  PRIMARY KEY (`Vendor_Vendor_ID`, `Receiving_Dpt_Order_number`),
  CONSTRAINT `fk_Vendor_has_Receiving_Dpt_Vendor`
    FOREIGN KEY (`Vendor_Vendor_ID`)
    REFERENCES `Warehouse`.`Vendor` (`Vendor_ID`)
    ON DELETE NO ACTION
    ON UPDATE NO ACTION,
  CONSTRAINT `fk_Vendor_has_Receiving_Dpt_Receiving_Dpt1`
    FOREIGN KEY (`Receiving_Dpt_Order_number`)
    REFERENCES `Warehouse`.`Receiving_Dpt` (`Order_number`)
    ON DELETE NO ACTION
    ON UPDATE NO ACTION)
ENGINE = InnoDB;

CREATE INDEX `fk_Vendor_has_Receiving_Dpt_Receiving_Dpt1_idx` ON `Warehouse`.`Vendor_has_Receiving_Dpt` (`Receiving_Dpt_Order_number` ASC) VISIBLE;

CREATE INDEX `fk_Vendor_has_Receiving_Dpt_Vendor_idx` ON `Warehouse`.`Vendor_has_Receiving_Dpt` (`Vendor_Vendor_ID` ASC) VISIBLE;



-- -----------------------------------------------------
-- Table `Warehouse`.`Receiving_Dpt_has_Products`
-- -----------------------------------------------------
CREATE TABLE IF NOT EXISTS `Warehouse`.`Receiving_Dpt_has_Products` (
  `Receiving_Dpt_Order_number` VARCHAR(8) NOT NULL,
  `Products_Product_ID` VARCHAR(8) NOT NULL,
  PRIMARY KEY (`Receiving_Dpt_Order_number`, `Products_Product_ID`),
  CONSTRAINT `fk_Receiving_Dpt_has_Products_Receiving_Dpt1`
    FOREIGN KEY (`Receiving_Dpt_Order_number`)
    REFERENCES `Warehouse`.`Receiving_Dpt` (`Order_number`)
    ON DELETE NO ACTION
    ON UPDATE NO ACTION,
  CONSTRAINT `fk_Receiving_Dpt_has_Products_Products1`
    FOREIGN KEY (`Products_Product_ID`)
    REFERENCES `Warehouse`.`Products` (`Product_ID`)
    ON DELETE NO ACTION
    ON UPDATE NO ACTION)
ENGINE = InnoDB;

CREATE INDEX `fk_Receiving_Dpt_has_Products_Products1_idx` ON `Warehouse`.`Receiving_Dpt_has_Products` (`Products_Product_ID` ASC) VISIBLE;

CREATE INDEX `fk_Receiving_Dpt_has_Products_Receiving_Dpt1_idx` ON `Warehouse`.`Receiving_Dpt_has_Products` (`Receiving_Dpt_Order_number` ASC) VISIBLE;

INSERT INTO Receiving_Dpt_has_Products VALUES ('RD0001', 'PI0001');
INSERT INTO Receiving_Dpt_has_Products VALUES ('RD0002', 'PI0002');
INSERT INTO Receiving_Dpt_has_Products VALUES ('RD0003', 'PI0003');
INSERT INTO Receiving_Dpt_has_Products VALUES ('RD0004', 'PI0004');
INSERT INTO Receiving_Dpt_has_Products VALUES ('RD0005', 'PI0005');
INSERT INTO Receiving_Dpt_has_Products VALUES ('RD0006', 'PI0006');
INSERT INTO Receiving_Dpt_has_Products VALUES ('RD0007', 'PI0007');
INSERT INTO Receiving_Dpt_has_Products VALUES ('RD0008', 'PI0008');
INSERT INTO Receiving_Dpt_has_Products VALUES ('RD0009', 'PI0009');
INSERT INTO Receiving_Dpt_has_Products VALUES ('RD0010', 'PI0010');


-- -----------------------------------------------------
-- Table `Warehouse`.`Active_Pick_has_Put_Away_Dpt`
-- -----------------------------------------------------
CREATE TABLE IF NOT EXISTS `Warehouse`.`Active_Pick_has_Put_Away_Dpt` (
  `Active_Pick_Pick_order` VARCHAR(8) NOT NULL,
  `Put_Away_Dpt_Code_number` VARCHAR(8) NOT NULL,
  PRIMARY KEY (`Active_Pick_Pick_order`, `Put_Away_Dpt_Code_number`),
  CONSTRAINT `fk_Active_Pick_has_Put_Away_Dpt_Active_Pick1`
    FOREIGN KEY (`Active_Pick_Pick_order`)
    REFERENCES `Warehouse`.`Active_Pick` (`Pick_order`)
    ON DELETE NO ACTION
    ON UPDATE NO ACTION,
  CONSTRAINT `fk_Active_Pick_has_Put_Away_Dpt_Put_Away_Dpt1`
    FOREIGN KEY (`Put_Away_Dpt_Code_number`)
    REFERENCES `Warehouse`.`Put_Away_Dpt` (`Code_number`)
    ON DELETE NO ACTION
    ON UPDATE NO ACTION)
ENGINE = InnoDB;

CREATE INDEX `fk_Active_Pick_has_Put_Away_Dpt_Put_Away_Dpt1_idx` ON `Warehouse`.`Active_Pick_has_Put_Away_Dpt` (`Put_Away_Dpt_Code_number` ASC) VISIBLE;

CREATE INDEX `fk_Active_Pick_has_Put_Away_Dpt_Active_Pick1_idx` ON `Warehouse`.`Active_Pick_has_Put_Away_Dpt` (`Active_Pick_Pick_order` ASC) VISIBLE;

INSERT INTO Active_Pick_has_Put_Away_Dpt VALUES ('AD0001', 'PA0001');
INSERT INTO Active_Pick_has_Put_Away_Dpt VALUES ('AD0002', 'PA0002');
INSERT INTO Active_Pick_has_Put_Away_Dpt VALUES ('AD0003', 'PA0003');
INSERT INTO Active_Pick_has_Put_Away_Dpt VALUES ('AD0004', 'PA0004');
INSERT INTO Active_Pick_has_Put_Away_Dpt VALUES ('AD0005', 'PA0005');
INSERT INTO Active_Pick_has_Put_Away_Dpt VALUES ('AD0006', 'PA0006');
INSERT INTO Active_Pick_has_Put_Away_Dpt VALUES ('AD0007', 'PA0007');
INSERT INTO Active_Pick_has_Put_Away_Dpt VALUES ('AD0008', 'PA0008');
INSERT INTO Active_Pick_has_Put_Away_Dpt VALUES ('AD0009', 'PA0009');
INSERT INTO Active_Pick_has_Put_Away_Dpt VALUES ('AD0010', 'PA0010');

-- -----------------------------------------------------
-- Table `Warehouse`.`Products_has_Sale_Dpt`
-- -----------------------------------------------------
CREATE TABLE IF NOT EXISTS `Warehouse`.`Products_has_Sale_Dpt` (
  `Products_Product_ID` VARCHAR(8) NOT NULL,
  `Sale_Dpt_Order_number` VARCHAR(8) NOT NULL,
  PRIMARY KEY (`Products_Product_ID`, `Sale_Dpt_Order_number`),
  CONSTRAINT `fk_Products_has_Sale_Dpt_Products1`
    FOREIGN KEY (`Products_Product_ID`)
    REFERENCES `Warehouse`.`Products` (`Product_ID`)
    ON DELETE NO ACTION
    ON UPDATE NO ACTION,
  CONSTRAINT `fk_Products_has_Sale_Dpt_Sale_Dpt1`
    FOREIGN KEY (`Sale_Dpt_Order_number`)
    REFERENCES `Warehouse`.`Sale_Dpt` (`Order_number`)
    ON DELETE NO ACTION
    ON UPDATE NO ACTION)
ENGINE = InnoDB;

CREATE INDEX `fk_Products_has_Sale_Dpt_Sale_Dpt1_idx` ON `Warehouse`.`Products_has_Sale_Dpt` (`Sale_Dpt_Order_number` ASC) VISIBLE;

CREATE INDEX `fk_Products_has_Sale_Dpt_Products1_idx` ON `Warehouse`.`Products_has_Sale_Dpt` (`Products_Product_ID` ASC) VISIBLE;

INSERT INTO Products_has_Sale_Dpt VALUES ('PI0001', 'SI0001');
INSERT INTO Products_has_Sale_Dpt VALUES ('PI0002', 'SI0002');
INSERT INTO Products_has_Sale_Dpt VALUES ('PI0003', 'SI0003');
INSERT INTO Products_has_Sale_Dpt VALUES ('PI0004', 'SI0004');
INSERT INTO Products_has_Sale_Dpt VALUES ('PI0005', 'SI0005');
INSERT INTO Products_has_Sale_Dpt VALUES ('PI0006', 'SI0006');
INSERT INTO Products_has_Sale_Dpt VALUES ('PI0007', 'SI0007');
INSERT INTO Products_has_Sale_Dpt VALUES ('PI0008', 'SI0008');
INSERT INTO Products_has_Sale_Dpt VALUES ('PI0009', 'SI0009');
INSERT INTO Products_has_Sale_Dpt VALUES ('PI0010', 'SI0010');





SET SQL_MODE=@OLD_SQL_MODE;
SET FOREIGN_KEY_CHECKS=@OLD_FOREIGN_KEY_CHECKS;
SET UNIQUE_CHECKS=@OLD_UNIQUE_CHECKS;
